{
    "$schema": "https://schema.management.azure.com/schemas/2015-01-01/deploymentParameters.json#",
    "contentVersion": "1.0.0.0",
    "parameters": {
        "allowAzureIps": {
            "value": true
        },
        "administratorLogin": {
            "value": "karan"
        },
        "administratorLoginPassword": {
            "value": null
        },
        "enableADS": {
            "value": false
        },
        "location": {
            "value": "eastasia"
        },
        "serverName": {
            "value": "rento"
        },
        "enableVA": {
            "value": false
        },
        "useVAManagedIdentity": {
            "value": false
        },
        "serverTags": {
            "value": {
                "name": "rento"
            }
        }
    }
}